count,image_url,name,price
已拼2.5万件,//t00img.yangkeduo.com/goods/images/2019-06-06/629cbc48-2f72-44fa-9c00-d0f502349967.jpg?imageMogr2/strip%7CimageView2/2/w/372/q/50,简奈妮中年夏装连衣裙中长款40-50岁中年女装妈妈装雪纺过膝A字裙,39.9
已拼4792件,//t00img.yangkeduo.com/goods/images/2019-05-28/f3dea57e-13c4-456a-9a43-dc3ecad30f52.jpg?imageMogr2/strip%7CimageView2/2/w/372/q/50,简奈妮妈妈夏装雪纺连衣裙中长款A字裙40岁50中年女装大码过膝裙,55.92
已拼9952件,//t00img.yangkeduo.com/goods/images/2018-08-14/668bbf00e6a29c25b4fbd99acc85a740.jpeg?imageMogr2/strip%7CimageView2/2/w/372/q/50,简奈妮夏季短袖连衣裙年轻妈妈装大码两件套披肩中长款A字裙,58.5
已拼499件,//t00img.yangkeduo.com/goods/images/2019-09-04/6c7e9ead-b9cc-4e19-8649-a5f8d76cbbbc.jpg?imageMogr2/strip%7CimageView2/2/w/372/q/50,2019新款妈妈装风衣女大码中长款外套春秋中老年女过膝薄款开衫,69.9
已拼176件,//t00img.yangkeduo.com/goods/images/2020-04-07/4bb468f083f6fae45de6cc3eeac75fbe.jpeg?imageMogr2/strip%7CimageView2/2/w/372/q/50,单/套装中年妈妈装夏装短袖T恤衫4050岁中老年女装大码雪纺衫上衣,29.93
已拼3.6万件,//t00img.yangkeduo.com/goods/images/2019-12-05/2adadb6a2b86f2aed0ad343156b83758.jpeg?imageMogr2/strip%7CimageView2/2/w/372/q/50,秋冬加绒外套女2019新款妈妈装印花风衣中长款大码长袖上衣开衫,49.9
已拼2894件,//t00img.yangkeduo.com/goods/images/2019-09-04/8d27ddbb-b165-410e-8ab8-d85f2923cb44.jpg?imageMogr2/strip%7CimageView2/2/w/372/q/50,妈妈装2019新款秋装外套仿水貂绒40岁50中老年女秋冬气质毛呢上衣,86
已拼80件,//t00img.yangkeduo.com/goods/images/2020-04-01/a996c7156785a12cf086b01fa43771c1.jpeg?imageMogr2/strip%7CimageView2/2/w/372/q/50,中年女装连衣裙夏季大码40岁50妈妈装碎花A字裙中长款短袖过膝裙,47.92
已拼55件,//t00img.yangkeduo.com/goods/images/2019-01-10/d90b76d7-0b5f-4d86-9b71-d9bab91a3314.jpg?imageMogr2/strip%7CimageView2/2/w/372/q/50,简奈妮复古旗袍连衣裙2019春季新款长袖中长款时尚印花打底裙女,69.9
已拼336件,//t00img.yangkeduo.com/goods/images/2019-06-06/e91c7086-0aa8-4301-a859-cc47efd932de.jpg?imageMogr2/strip%7CimageView2/2/w/372/q/50,简奈妮2019夏季套装复古连衣裙女装中国风绣花旗袍改良汉服两件套,79.9
已拼149件,//t00img.yangkeduo.com/goods/images/2019-01-11/8dcd0795-c806-44f9-ac88-3f75669b99d0.jpg?imageMogr2/strip%7CimageView2/2/w/372/q/50,简奈妮大码女装连衣裙女2019春装妈妈宽松打底衫中长款长袖雪纺衫,79.9
已拼4871件,//t00img.yangkeduo.com/goods/images/2020-04-01/c28203164896f20632bf917f31635d4c.jpeg?imageMogr2/strip%7CimageView2/2/w/372/q/50,中老年女装夏装短袖旗袍改良版连衣裙40岁50中年妈妈气质过膝裙子,59.9
已拼158件,//t00img.yangkeduo.com/goods/images/2019-08-08/e34eb958-479d-4443-8b55-e64c1a6e7fc4.jpg?imageMogr2/strip%7CimageView2/2/w/372/q/50,2019秋季新款妈妈装中国风复古旗袍裙中长款金丝绒刺绣大摆连衣裙,59
已拼120件,//t00img.yangkeduo.com/goods/images/2019-10-30/819778d5-e539-4ede-85e2-a0749897652a.jpg?imageMogr2/strip%7CimageView2/2/w/372/q/50,【加绒保暖】秋冬外套新款中老年女装大码加厚妈妈装长款刺绣风衣,119
已拼12件,//t00img.yangkeduo.com/goods/images/2020-04-01/e91d4d33727c2d73d589f9829ae79efa.jpeg?imageMogr2/strip%7CimageView2/2/w/372/q/50,2020新款中老年夏装短袖连衣裙大码A字裙40岁50妈妈装碎花过膝裙,38.4
已拼180件,//t00img.yangkeduo.com/goods/images/2019-07-25/b0fbd3c5-ce05-481f-b726-92cec36922a6.jpg?imageMogr2/strip%7CimageView2/2/w/372/q/50,妈妈装秋装外套过膝中年女装大码上衣40岁50中老年春秋风衣中长款,89.9
已拼10件,//t00img.yangkeduo.com/goods/images/2020-01-15/0f9573559c73b72892d609ef34ff2c64.jpeg?imageMogr2/strip%7CimageView2/2/w/372/q/50,中年妈妈春装风衣中长款阔太太修身外套2020新款中老年女装上衣,125
已拼12件,//t00img.yangkeduo.com/goods/images/2020-03-31/7bae5b03f48cef7fdd40ade74c341fb0.jpeg?imageMogr2/strip%7CimageView2/2/w/372/q/50,妈妈装民族风棉麻中袖套装复古宽松刺绣T恤大码女阔腿裤两件套夏,76.5
已拼8件,//t00img.yangkeduo.com/goods/images/2020-01-10/3809e9f0b336478a6e7a1e83dac59bc1.jpeg?imageMogr2/strip%7CimageView2/2/w/372/q/50,妈妈外套女春装大码上衣中长款2020新款40-50岁中老年女过膝风衣,115
已拼7件,//t00img.yangkeduo.com/goods/images/2020-03-31/b18263ece11ffdde6d176e221ae87146.jpeg?imageMogr2/strip%7CimageView2/2/w/372/q/50,中老年女装妈妈春装外套2020新款金丝绒运动套装中年春夏装三件套,75.9
已拼6件,//t00img.yangkeduo.com/goods/images/2020-04-01/1ae5ced4d83781b29663bd2800a5787e.jpeg?imageMogr2/strip%7CimageView2/2/w/372/q/50,雪纺印花连衣裙女2020新款夏季复古妈妈装宽松加大码中长款过膝裙,49.5
已拼13件,//t00img.yangkeduo.com/goods/images/2019-11-02/447f4d4a-2398-4352-9ca9-d5aee238d771.jpg?imageMogr2/strip%7CimageView2/2/w/372/q/50,中老年女装秋季长袖加绒连衣裙中长款打底裙大码妈妈装改良旗袍裙,49.9
已拼6件,//t00img.yangkeduo.com/goods/images/2020-04-02/224d8b61dd50adf71f313bbaf4844495.jpeg?imageMogr2/strip%7CimageView2/2/w/372/q/50,妈妈夏装套装两件套宽松大码40岁-50中老年夏装短袖t恤女打底衫,39.92
已拼3589件,//t00img.yangkeduo.com/goods/images/2019-04-18/9ddea492-474e-45d0-9859-c53d02ae0d77.jpg?imageMogr2/strip%7CimageView2/2/w/372/q/50,简奈妮中年女妈妈夏装连衣裙2019新款中老年女装雪纺过膝裙刺绣裙,55.93
已拼3537件,//t00img.yangkeduo.com/goods/images/2018-08-27/6dc1e7bb27002a92a42b1420d5813624.jpeg?imageMogr2/strip%7CimageView2/2/w/372/q/50,简奈妮春款妈妈装丝绒大码运动套装40-50岁中年女装长袖两件套装,49.9
已拼97件,//t00img.yangkeduo.com/goods/images/2019-01-05/6e4ed761-8cb3-4965-9bc0-919df26382aa.jpg?imageMogr2/strip%7CimageView2/2/w/372/q/50,简奈妮春季新款连衣裙女复古印花中长款40岁打底裙大码年轻妈妈潮,89
已拼16件,//t00img.yangkeduo.com/goods/images/2019-03-02/b193afbb-ad35-4cb9-a9b5-a5aab9d12ae1.jpg?imageMogr2/strip%7CimageView2/2/w/372/q/50,简奈妮妈妈款春装短款外套2019新款上衣中老年女装秋装时尚小西装,98
已拼8件,//t00img.yangkeduo.com/goods/images/2019-12-23/96f4df4afe0fe890e750df45b465a7df.jpeg?imageMogr2/strip%7CimageView2/2/w/372/q/50,妈妈冬装灯芯绒外套加厚中长款毛呢中老年女大码加绒保暖呢子大衣,169
已拼7件,//t00img.yangkeduo.com/goods/images/2020-04-03/110c3a5611b371ba9d3ff0a5eace138b.jpeg?imageMogr2/strip%7CimageView2/2/w/372/q/50,中年妈妈夏装中长款雪纺连衣裙40岁50阔太太加大码过膝喜宴旗袍裙,79
已拼6件,//t00img.yangkeduo.com/goods/images/2020-04-02/82d73141a590a9aea8e6d5bc83ab24e1.jpeg?imageMogr2/strip%7CimageView2/2/w/372/q/50,2020夏装新款网纱刺绣双层连衣裙大码中老年女装40岁妈妈装过膝裙,75
已拼5件,//t00img.yangkeduo.com/goods/images/2020-04-04/c88a9281e6bf4114ac0d15ab3ffe2496.jpeg?imageMogr2/strip%7CimageView2/2/w/372/q/50,中年女春装T恤2020新款妈妈装雪纺上衣两件套大码中老年女装套装,49
已拼279件,//t00img.yangkeduo.com/goods/images/2019-08-23/c6ea3a08-9712-43a6-8919-88fc3c892e78.jpg?imageMogr2/strip%7CimageView2/2/w/372/q/50,2019秋冬新款中老年妈妈装棉衣外套中长款夹棉袄大码女民族风棉服,49.9
已拼162件,//t00img.yangkeduo.com/goods/images/2019-08-16/379298ec-c0a0-4265-ac72-f2e178b48fa8.jpg?imageMogr2/strip%7CimageView2/2/w/372/q/50,中年妈妈秋季中长款风衣女外套薄2019新款中老年大码女装秋装开衫,69.9
已拼27件,//t00img.yangkeduo.com/goods/images/2019-11-01/5f187bfe-66b2-4ff5-9bb6-89b06ae2856d.jpg?imageMogr2/strip%7CimageView2/2/w/372/q/50,中年妈妈羽绒棉马甲女秋冬装2019新款中老年加厚坎肩连帽马夹外套,85
已拼774件,//t00img.yangkeduo.com/goods/images/2019-07-22/e4ab79af-da0f-413a-a536-d288eea38ba0.jpg?imageMogr2/strip%7CimageView2/2/w/372/q/50,妈妈秋装套装2019新款大码中年女两件套时尚中老年女装长袖三件套,89.9
已拼459件,//t00img.yangkeduo.com/goods/images/2019-05-19/32d47cec29cd2bb287acb5351ac77ffd.jpeg?imageMogr2/strip%7CimageView2/2/w/372/q/50,简奈妮夏季复古印花短袖雪纺连衣裙女中长款大码妈妈装过膝A字裙,89.9
已拼142件,//t00img.yangkeduo.com/goods/images/2019-10-19/e71c62e1-4820-45a1-b148-abdd91bc0ec4.jpg?imageMogr2/strip%7CimageView2/2/w/372/q/50,妈妈装秋冬中长款棉衣复古民族风加绒加厚中老年女装过膝连帽棉袄,59.9
已拼45件,//t00img.yangkeduo.com/goods/images/2019-02-27/616ea5d6-d3ea-402d-a0b6-5f93393abe07.jpg?imageMogr2/strip%7CimageView2/2/w/372/q/50,简奈妮春季气质两件套装妈妈装改良旗袍婚礼服中年女金丝绒连衣裙,114
已拼47件,//t00img.yangkeduo.com/goods/images/2019-01-10/9b348e6b-c4ea-48fd-a3d3-2626ac8b1b98.jpg?imageMogr2/strip%7CimageView2/2/w/372/q/50,【超值两件套】简奈妮春季女连衣裙大码时尚蕾丝开衫雪纺两件套,109
已拼14件,//t00img.yangkeduo.com/goods/images/2019-07-17/75c86c6f-d4e7-4c12-aeb6-bd48de7b7439.jpg?imageMogr2/strip%7CimageView2/2/w/372/q/50,妈妈秋装2019新款运动套装休闲外套中年女大码两件套蕾丝长袖开衫,118
已拼4件,//t00img.yangkeduo.com/goods/images/2019-09-12/616a4440-d217-4778-9c21-a5573d0f993b.jpg?imageMogr2/strip%7CimageView2/2/w/372/q/50,妈妈装秋冬轻薄款棉衣中年女大码短款羽绒棉服时尚棒球服夹克外套,49
已拼6件,//t00img.yangkeduo.com/goods/images/2019-07-31/1e2229d5-e26b-462d-bfeb-2f021810343c.jpg?imageMogr2/strip%7CimageView2/2/w/372/q/50,妈妈秋装套装中老年运动套装女阔太太套装大码长袖两件套中年女装,105
已拼5件,//t00img.yangkeduo.com/goods/images/2020-04-03/a46991fa33ff250d8b1e22b18c01396a.jpeg?imageMogr2/strip%7CimageView2/2/w/372/q/50,妈妈装短袖连衣裙中长款40岁50中老年女雪纺长裙夏大码洋气过膝裙,55.9
已拼132件,//t00img.yangkeduo.com/goods/images/2018-11-03/2834a56d8ff46f89c068e357f6cc10fd.jpeg?imageMogr2/strip%7CimageView2/2/w/372/q/50,简奈妮妈妈秋装两件套40-50岁长袖t恤女中年女装套装时尚显瘦纯色,69.9
已拼68件,//t00img.yangkeduo.com/goods/images/2018-11-03/df2bb6173224a3f316b2e3a5e74aa0bb.jpeg?imageMogr2/strip%7CimageView2/2/w/372/q/50,简奈妮中老年人女秋冬薄款棉马甲妈妈装翻领大码马夹外套背心坎肩,59.9
已拼31件,//t00img.yangkeduo.com/goods/images/2019-11-02/9f0a2e50-fe00-41f6-8d4f-d55a5f4d12a7.jpg?imageMogr2/strip%7CimageView2/2/w/372/q/50,妈妈冬装灯芯绒外套加厚中长款大码刺绣毛呢中老年女秋冬过膝大衣,195
已拼6件,//t00img.yangkeduo.com/goods/images/2019-08-06/56cc309c-cea0-40a8-b290-80fe518ee780.jpg?imageMogr2/strip%7CimageView2/2/w/372/q/50,2019新款秋装妈妈装过膝连衣裙40-50中年女装大码长袖蕾丝打底裙,89
已拼5件,//t00img.yangkeduo.com/goods/images/2019-08-06/ce3c5508-7f0a-4e41-8574-19e4790bbed9.jpg?imageMogr2/strip%7CimageView2/2/w/372/q/50,中年女装秋季长袖上衣女洋气2019新款大码妈妈雪纺衫春秋两件套装,55
已拼1件,//t00img.yangkeduo.com/goods/images/2020-01-15/528bb4b094dc30c36f9154c3265ef016.jpeg?imageMogr2/strip%7CimageView2/2/w/372/q/50,2020新款中老年女装春秋风衣中长款40岁50中年妈妈春装格子外套,125
已拼1件,//t00img.yangkeduo.com/goods/images/2020-01-07/cc876e110517324e98fbdf7feca54a02.jpeg?imageMogr2/strip%7CimageView2/2/w/372/q/50,妈妈春季长袖连衣裙2020新款春装40岁50中年女大码中长款打底裙子,65
已拼1件,//t00img.yangkeduo.com/goods/images/2020-02-03/2c8fd0e64b7e3f825788d100751d9423.jpeg?imageMogr2/strip%7CimageView2/2/w/372/q/50,2020新款妈妈短款外套春秋上衣40岁50大码中老年女春装小西装上衣,110
已拼1件,//t00img.yangkeduo.com/goods/images/2020-04-04/5190cd3d8ad104e4dfad27cf9c496b33.jpeg?imageMogr2/strip%7CimageView2/2/w/372/q/50,妈妈夏装刺绣棉质两件套40岁50夏季中袖T恤中老年人女民族风套装,55.8
已拼1140件,//t00img.yangkeduo.com/goods/images/2018-10-19/d81857338796bc6068786e432dda502e.jpeg?imageMogr2/strip%7CimageView2/2/w/372/q/50,【加绒加厚】简奈妮春季长袖女运动套装40岁50妈妈夹克棒球服外套,59.9
已拼559件,//t00img.yangkeduo.com/goods/images/2019-01-11/c619f82397bb63cb7b555e5776f86a2f.jpeg?imageMogr2/strip%7CimageView2/2/w/372/q/50,简奈妮中老年女妈妈装毛呢外套春季中长款呢子大衣奶奶装连帽风衣,64.9
已拼432件,//t00img.yangkeduo.com/goods/images/2019-01-04/efc20689-91c1-4086-a200-d9568ede4f46.jpg?imageMogr2/strip%7CimageView2/2/w/372/q/50,简奈妮女士棉服冬季中长款棉袄印花显瘦过膝大码羽绒棉衣女外套,139
已拼344件,//t00img.yangkeduo.com/goods/images/2019-04-21/9ae76410-f1e1-451a-9ca2-c81d6d151317.jpg?imageMogr2/strip%7CimageView2/2/w/372/q/50,简奈妮中老年人女装短袖连衣裙40岁50妈妈装夏季大码中长款A字裙,29.9
已拼204件,//t00img.yangkeduo.com/goods/images/2019-04-17/36f2be85-0892-4560-874b-c917ef781ade.jpg?imageMogr2/strip%7CimageView2/2/w/372/q/50,简奈妮中老年夏装女短袖衬衫奶奶装40-60-70上衣妈妈夏季T恤开衫,35
已拼178件,//t00img.yangkeduo.com/goods/images/2019-04-04/0c1b589a-2907-44b0-828c-52e378182c42.jpg?imageMogr2/strip%7CimageView2/2/w/372/q/50,简奈妮妈妈装夏装雪纺连衣裙中长款40-50岁中年女装短袖碎花裙子,59
已拼166件,//t00img.yangkeduo.com/goods/images/2019-04-07/2946532b-4cf6-401a-be31-9a86406a794f.jpg?imageMogr2/strip%7CimageView2/2/w/372/q/50,简奈妮中老年夏装女两件套妈妈装套装5060老年人女装奶奶短袖上衣,19
已拼157件,//t00img.yangkeduo.com/goods/images/2018-08-27/14a11ed6156e800490bd30bd08cff646.jpeg?imageMogr2/strip%7CimageView2/2/w/372/q/50,简奈妮春季女士长袖衬衫中长款打底衫薄外套大码格子衬衣开衫上衣,55
已拼105件,//t00img.yangkeduo.com/goods/images/2019-09-30/85396aec-c6e3-4351-8ae5-1cd14dea74b6.jpg?imageMogr2/strip%7CimageView2/2/w/372/q/50,2019新款妈妈冬装棉衣中长款中老年女装秋冬加厚连帽羽绒棉服外套,109
已拼95件,//t00img.yangkeduo.com/goods/images/2019-09-04/149a48d1-b0e5-44c8-8a86-1477b2ee7e2c.jpg?imageMogr2/strip%7CimageView2/2/w/372/q/50,妈妈秋冬装毛呢外套时尚中长款40-50岁中年女装呢子大衣奶奶上衣,89.9
已拼80件,//t00img.yangkeduo.com/goods/images/2019-05-10/c643aa39-5343-4125-973d-0fc26f05237e.jpg?imageMogr2/strip%7CimageView2/2/w/372/q/50,简奈妮夏季女民族风棉麻上衣V领复古五分袖绣花t恤大码宽松打底衫,49.9
已拼77件,//t00img.yangkeduo.com/goods/images/2018-08-27/e30afa33dfe1257c0e3b9ccdf495261c.jpeg?imageMogr2/strip%7CimageView2/2/w/372/q/50,简奈妮中年女装中长款长袖连衣裙40-50岁妈妈装蕾丝拼接打底裙,49.9
已拼56件,//t00img.yangkeduo.com/goods/images/2018-11-15/d2161aab5172aa7ef7e1bff81e4260de.jpeg?imageMogr2/strip%7CimageView2/2/w/372/q/50,简奈妮妈妈冬装外套中长款连帽加厚棉袄50岁中老年大码羽绒棉衣女,98
已拼70件,//t00img.yangkeduo.com/goods/images/2018-11-03/3c5ff4d46424e56af2eb8a80ec13fb19.jpeg?imageMogr2/strip%7CimageView2/2/w/372/q/50,简奈妮中老年妈妈装加绒加厚打底衫中年女长袖秋装新款长袖保暖衣,39.9
已拼46件,//t00img.yangkeduo.com/goods/images/2019-06-01/d6aeeab25903f82b72e304ab2e2cc2e2.jpeg?imageMogr2/strip%7CimageView2/2/w/372/q/50,妈妈夏装棉麻套装大码中年短袖T恤女新款中老年女装民族风两件套,89
已拼30件,//t00img.yangkeduo.com/goods/images/2020-04-04/10aa352d7c39cbebc7494f76728c7f94.jpeg?imageMogr2/strip%7CimageView2/2/w/372/q/50,妈妈装夏季短袖T恤中老年女装大码宽松上衣阔太太洋气印花小衫薄,26.8
已拼27件,//t00img.yangkeduo.com/goods/images/2019-01-24/ee605c8d-2563-47fb-9f36-dce96c7fe53f.jpg?imageMogr2/strip%7CimageView2/2/w/372/q/50,简奈妮春季大码女中长款蕾丝连衣裙中老年女装妈妈长袖打底裙子,65
已拼26件,//t00img.yangkeduo.com/goods/images/2019-04-07/030104af-244d-4095-b7f1-b440b54edd84.jpg?imageMogr2/strip%7CimageView2/2/w/372/q/50,【高品质】简奈妮中年女大码连衣裙40-50岁妈妈长款短袖过膝A字裙,59.9
已拼20件,//t00img.yangkeduo.com/goods/images/2019-04-03/892bff39-74d8-4329-b9b9-adb82197866b.jpg?imageMogr2/strip%7CimageView2/2/w/372/q/50,简奈妮妈妈夏装时尚套装中年女装大码短袖T恤雪纺衫阔腿裤两件套,79.9
已拼18件,//t00img.yangkeduo.com/goods/images/2019-05-21/d71ebc974bfe50496fd37de1a4263d44.jpeg?imageMogr2/strip%7CimageView2/2/w/372/q/50,简奈妮妈妈夏季雪纺上衣服中老年女装夏款大码女装阔太太两件套装,49.9
已拼14件,//t00img.yangkeduo.com/goods/images/2019-06-15/82eb72cc-f794-497b-b0a5-153eed77e245.jpg?imageMogr2/strip%7CimageView2/2/w/372/q/50,中年妈妈夏装连衣裙过膝裙中老年女装40岁50洋气阔太太气质A字裙,78.9
已拼14件,//t00img.yangkeduo.com/goods/images/2020-01-01/eb27aef990e542fc7eec9400c19d10cb.jpeg?imageMogr2/strip%7CimageView2/2/w/372/q/50,2020春季妈妈装加绒连衣裙中长款民族风中老年女大码长袖打底裙子,78
已拼14件,//t00img.yangkeduo.com/goods/images/2019-07-16/d25dc836-f1fd-41cc-a453-ce2f2b98528e.jpg?imageMogr2/strip%7CimageView2/2/w/372/q/50,妈妈秋装套装2019新款40岁阔太太洋气高贵中年女春秋上衣两件套薄,58
已拼12件,//t00img.yangkeduo.com/goods/images/2019-04-02/2a1c6650-94b7-4d3d-89b6-fa74d45f91dc.jpg?imageMogr2/strip%7CimageView2/2/w/372/q/50,简奈妮中老年女妈妈装雪纺网纱连衣裙2019夏季大码过膝碎花裙子,55
已拼13件,//t00img.yangkeduo.com/goods/images/images/2019-09-30/7eaf5a1c-36b3-4851-a233-20058538b13b.jpg?imageMogr2/strip%7CimageView2/2/w/372/q/50,妈妈冬装棉衣中长款阔太太连帽大毛领羽绒棉服中老年棉袄厚外套女,109
已拼10件,//t00img.yangkeduo.com/goods/images/2019-11-06/898ed3cd-d403-4cf7-a907-5476b42db945.jpg?imageMogr2/strip%7CimageView2/2/w/372/q/50,中老年女装冬装棉衣2019新款妈妈外套秋冬中长款连帽羽绒棉服棉袄,175
已拼12件,//t00img.yangkeduo.com/goods/images/2019-12-24/2c6a67d43479132f32bdad1b60371ef8.jpeg?imageMogr2/strip%7CimageView2/2/w/372/q/50,中年女秋冬妈妈旗袍连衣裙中长款打底衫长袖大码复古印花过膝裙子,89.9
已拼11件,//t00img.yangkeduo.com/goods/images/2019-07-19/25546487-8b56-44e8-8d63-8ff695901755.jpg?imageMogr2/strip%7CimageView2/2/w/372/q/50,妈妈秋装连衣裙中长款40岁50中老年女装大码长袖假两件套过膝裙子,48
已拼11件,//t00img.yangkeduo.com/goods/images/2020-01-01/6611778b9ab8dc439dc6853d808fdb8f.jpeg?imageMogr2/strip%7CimageView2/2/w/372/q/50,中老年女装春季短款夹克衫外套薄款妈妈装长袖上衣大码棒球服开衫,59.9
已拼10件,//t00img.yangkeduo.com/goods/images/2019-07-06/746fb0f8-a649-4779-9c95-257fa1cc0623.jpg?imageMogr2/strip%7CimageView2/2/w/372/q/50,小西装外套女2019新款韩版休闲百搭修身格子小西服短款春秋上衣女,59.9
已拼10件,//t00img.yangkeduo.com/goods/images/2019-07-31/5db54304c99ec77681addcaec465a24e.jpeg?imageMogr2/strip%7CimageView2/2/w/372/q/50,中年条纹衬衫女长袖T恤春秋装2019新款宽松衬衣妈妈装大码上衣服,65
已拼10件,//t00img.yangkeduo.com/goods/images/2019-08-09/aa718d79-198a-40f0-afe8-071c02b90120.jpg?imageMogr2/strip%7CimageView2/2/w/372/q/50,2019新款妈妈运动两件套装中老年女春秋装中年女洋气长袖薄款外套,89
已拼9件,//t00img.yangkeduo.com/goods/images/2019-08-13/ad617d01-91a7-4e92-82cf-7f3060826321.jpg?imageMogr2/strip%7CimageView2/2/w/372/q/50,妈妈秋装两件套装2019新款长袖t恤圆领卫衣中老年女装大码打底衫,69.9
已拼7件,//t00img.yangkeduo.com/goods/images/2019-10-19/0229ddaf-da51-4e7a-9fd2-20437d4c2585.jpg?imageMogr2/strip%7CimageView2/2/w/372/q/50,妈妈装秋季毛呢外套中长款大码中老年女装秋冬季保暖仿水貂绒大衣,220
已拼5件,//t00img.yangkeduo.com/goods/images/2019-10-23/3d9e75c5-95cc-479d-bcb6-e437e4882fe1.jpg?imageMogr2/strip%7CimageView2/2/w/372/q/50,冬季新款中老年棉衣女中长款大码妈妈秋冬装加厚外套棉袄羽绒棉服,145
已拼6件,//t00img.yangkeduo.com/goods/images/2019-01-14/cb67fd86-290c-4b87-b3a5-66de0ed5644e.jpg?imageMogr2/strip%7CimageView2/2/w/372/q/50,中老年棉衣女中长款2018新款妈妈羽绒棉服40岁50中年棉袄冬装外套,139
已拼6件,//t00img.yangkeduo.com/goods/images/2019-05-17/a698f8502dc9364851fa6e4b9f0f71d0.jpeg?imageMogr2/strip%7CimageView2/2/w/372/q/50,简奈妮中年妈妈夏装套装女50岁中老年女装刺绣短袖T恤含棉两件套,48.93
已拼5件,//t00img.yangkeduo.com/goods/images/2019-04-04/6c7a470e-23aa-4a15-9ec8-bea7bdf54157.jpg?imageMogr2/strip%7CimageView2/2/w/372/q/50,简奈妮中老年女夏装2019新款妈妈装大码过膝连衣裙中长款短袖裙子,59.9
已拼4件,//t00img.yangkeduo.com/goods/images/2019-11-03/010f909e-250d-4fa6-9abd-58223002388d.jpg?imageMogr2/strip%7CimageView2/2/w/372/q/50,2019新款中年女冬装中长款加厚棉服40岁50妈妈装加厚羽绒棉衣外套,139
已拼4件,//t00img.yangkeduo.com/goods/images/2019-09-29/29e9c1cc-818e-4d4e-af7a-c5777838dbdb.jpg?imageMogr2/strip%7CimageView2/2/w/372/q/50,中老年女装秋冬加绒棉衣中长款妈妈装民族风棉袄大码加厚保暖棉服,89
已拼4件,//t00img.yangkeduo.com/goods/images/images/2019-09-22/3bc2620a-e449-4fb9-8507-327d38e4a8c0.jpg?imageMogr2/strip%7CimageView2/2/w/372/q/50,【加绒加厚】秋季妈妈装中长款打底衫40岁50中年女旗袍长袖打底裙,69.9
已拼4件,//t00img.yangkeduo.com/goods/images/2019-07-17/eb487575-2536-4f01-bdd7-abe955be166c.jpg?imageMogr2/strip%7CimageView2/2/w/372/q/50,妈妈春装外套短款棒球服休闲夹克衫2019新款中老年春秋洋气上衣女,75
已拼3件,//t00img.yangkeduo.com/goods/images/2019-07-31/6f0f168e-f109-4e4c-bdf6-d78481315759.jpg?imageMogr2/strip%7CimageView2/2/w/372/q/50,中老年衬衣女长袖妈妈秋装大码上衣老年人奶奶春秋老太太花色衬衫,39
已拼2件,//t00img.yangkeduo.com/goods/images/2019-01-14/abeb28d5-0c6a-43e3-99a7-0195bf63fdea.jpg?imageMogr2/strip%7CimageView2/2/w/372/q/50,简奈妮春季新款连衣裙女装中长款修身打底裙韩版印花拼接包臀裙春,68
已拼3件,//t00img.yangkeduo.com/goods/images/2019-12-08/30202e629991b660495ed6a4a403b75f.jpeg?imageMogr2/strip%7CimageView2/2/w/372/q/50,中老年人女装加绒加厚棉衣冬季妈妈装中长款棉服大码金丝绒棉袄子,145
已拼2件,//t00img.yangkeduo.com/goods/images/2019-08-06/f6bf4540-236d-48a0-af0d-7d0e5a9522da.jpg?imageMogr2/strip%7CimageView2/2/w/372/q/50,妈妈秋装长袖蕾丝连衣裙镂空2019新款中老年女装春秋大码过膝裙子,85
已拼2件,//t00img.yangkeduo.com/goods/images/2019-08-24/7fd3fc9c-65b5-4e8c-8bb7-40feb4fe83c3.jpg?imageMogr2/strip%7CimageView2/2/w/372/q/50,妈妈秋装外套2019新款中年女春秋中长款加绒衬衫式风衣女薄款上衣,59.9
已拼2件,//t00img.yangkeduo.com/goods/images/2019-10-19/1b52aaeb-ec53-4d15-b9b3-5521a4ed8118.jpg?imageMogr2/strip%7CimageView2/2/w/372/q/50,2019新款妈妈装秋冬仿水貂绒外套大码中老年女冬季中长款毛呢大衣,185
已拼2件,//t00img.yangkeduo.com/goods/images/2019-08-06/29e1bf75-8da8-4406-97dd-d4cef91ba751.jpg?imageMogr2/strip%7CimageView2/2/w/372/q/50,妈妈中长款外套中年女装春秋装薄款外衣中老年阔太太洋气大码风衣,79.9
已拼2件,//t00img.yangkeduo.com/goods/images/2019-05-17/44ddcda51be9f80723a7fcfafcc4457c.jpeg?imageMogr2/strip%7CimageView2/2/w/372/q/50,简奈妮中老年人夏装短袖T恤50岁中年妈妈装洋气上衣大码两件套装,39.92
已拼2件,//t00img.yangkeduo.com/goods/images/images/2019-09-22/1a1ec2e9-0d18-437a-befd-1dc4fe04532c.jpg?imageMogr2/strip%7CimageView2/2/w/372/q/50,秋季妈妈装马甲外套大码薄款春秋奶奶装宽松坎肩中老年女马夹上衣,59.9
已拼2件,//t00img.yangkeduo.com/goods/images/images/2019-09-22/b9f385d6-258f-4daa-a5b7-b93ceb63668d.jpg?imageMogr2/strip%7CimageView2/2/w/372/q/50,妈妈装秋季连帽外套中长款呢子开衫中年女大码风衣春秋夹克衫上衣,89
已拼2件,//t00img.yangkeduo.com/goods/images/2019-10-10/2f77194d-efcf-434b-97d5-08b30a2d94b2.jpg?imageMogr2/strip%7CimageView2/2/w/372/q/50,妈妈秋装仿水貂绒外套40-50中年女秋冬加厚金貂毛中长款宽松大衣,285
已拼1件,//t00img.yangkeduo.com/goods/images/2020-02-04/103ade09d6851bceb52ac33df71c7a0c.jpeg?imageMogr2/strip%7CimageView2/2/w/372/q/50,中年妈妈外套女短款春季2020新款中老年女装大码上衣千鸟格夹克衫,98
已拼1件,//t00img.yangkeduo.com/goods/images/images/2019-09-20/9ae9a947-8a59-47e3-aa09-2536e9c02dea.jpg?imageMogr2/strip%7CimageView2/2/w/372/q/50,妈妈秋装金丝绒连衣裙2019新款中年女大码打底裙阔太太过膝A字裙,69.9
已拼1件,//t00img.yangkeduo.com/goods/images/2019-09-09/e3720de1-2023-4c42-b9d7-60e29b838b8b.jpg?imageMogr2/strip%7CimageView2/2/w/372/q/50,冬季妈妈装加厚羽绒棉服中年女棉袄秋冬棉衣中老年阔太太大码外套,105
已拼1件,//t00img.yangkeduo.com/goods/images/2019-08-06/85bebb76-0755-4130-8a27-4da28c860718.jpg?imageMogr2/strip%7CimageView2/2/w/372/q/50,妈妈秋装连衣裙蕾丝长袖中长款打底裙中老年女装春秋大码过膝长裙,89
已拼1件,//t00img.yangkeduo.com/goods/images/2019-07-31/b5e980dc-af46-4fcd-ab2d-b75b046a4207.jpg?imageMogr2/strip%7CimageView2/2/w/372/q/50,2019新款妈妈秋装长袖打底衫短款中老年女圆领t恤40-50岁大码上衣,35
已拼1件,//t00img.yangkeduo.com/goods/images/2019-08-01/943bbb82-2dbf-46b9-aa6f-71875570c117.jpg?imageMogr2/strip%7CimageView2/2/w/372/q/50,妈妈装2019新款春秋装翻领长袖上衣40-50岁中老年女装大码打底衫,59
已拼1件,//t00img.yangkeduo.com/goods/images/2019-07-29/a8e088af-54fd-4fe3-9742-4a78c32660db.jpg?imageMogr2/strip%7CimageView2/2/w/372/q/50,秋季新款中老年女装风衣中长款夹克40岁50妈妈装春秋大码连帽外套,98
已拼1件,//t00img.yangkeduo.com/goods/images/2019-10-26/caa8fa98-51fd-4001-9ba6-781216a4fc91.jpg?imageMogr2/strip%7CimageView2/2/w/372/q/50,中老年女装民族风棉服大码冬装加绒加厚保暖棉袄中长款妈妈装棉衣,115
9人想买,//t00img.yangkeduo.com/goods/images/2019-09-01/b6712d91-b51d-4e1d-9b53-b4620077442d.jpg?imageMogr2/strip%7CimageView2/2/w/372/q/50,中年女秋装长袖连衣裙妈妈装春秋大码过膝A字裙中长款旗袍打底裙,69.9
已拼1件,//t00img.yangkeduo.com/goods/images/2019-12-28/9b09bfd31fc2cf4cffb8ab506cdf2a9a.jpeg?imageMogr2/strip%7CimageView2/2/w/372/q/50,中年妈妈装春秋长袖薄款格子风衣2020年新款大码女短款小西装外套,75
已拼1件,//t00img.yangkeduo.com/goods/images/2019-12-07/f79625ef90053ade5157906f36336cf4.jpeg?imageMogr2/strip%7CimageView2/2/w/372/q/50,秋冬新款中年妈妈装水貂绒大衣中长款加厚中老年女大码连帽外套,298
已拼1件,//t00img.yangkeduo.com/goods/images/2019-10-26/9267c848-dd7d-4fef-b185-7ed4e00eeb27.jpg?imageMogr2/strip%7CimageView2/2/w/372/q/50,冬季妈妈金丝绒棉衣加绒加厚保暖中长款棉服大码中老年女连帽棉袄,120
5人想买,//t00img.yangkeduo.com/goods/images/2019-10-24/72933bdf-cee2-43b5-9e5d-2c9f5d3b150e.jpg?imageMogr2/strip%7CimageView2/2/w/372/q/50,加绒/不加绒 秋季改良旗袍女中长款加绒长袖复古连衣裙大码妈妈装,88
8人想买,//t00img.yangkeduo.com/goods/images/images/2019-09-26/0299becb-0f01-4abd-9c61-1c040d7a1acd.jpg?imageMogr2/strip%7CimageView2/2/w/372/q/50,妈妈秋装假两件套连衣裙2019新款40岁50中年女春秋大码长袖打底裙,79.9
,//t00img.yangkeduo.com/goods/images/images/2019-09-26/e8ede2c5-1178-459e-acb0-9aeed52f5e01.jpg?imageMogr2/strip%7CimageView2/2/w/372/q/50,妈妈秋装长袖打底衫套装2019新款中老年女士大码上衣薄春秋两件套,49.9
1人想买,//t00img.yangkeduo.com/goods/images/images/2019-09-26/2631afdd-da68-414e-8037-38df8e188499.jpg?imageMogr2/strip%7CimageView2/2/w/372/q/50,中老年女秋装套装2019新款春秋40岁50妈妈装长袖T恤打底衫两件套,39.9
,//t00img.yangkeduo.com/goods/images/images/2019-09-20/d68a925d-017b-4f1d-9786-bae8c1d5053d.jpg?imageMogr2/strip%7CimageView2/2/w/372/q/50,妈妈款秋季洋气针织开衫短款外套中老年女秋装薄款大码长袖夹克衫,78.9
,//t00img.yangkeduo.com/goods/images/images/2019-09-20/f55080d2-219c-4869-aead-56806a7b53b4.jpg?imageMogr2/strip%7CimageView2/2/w/372/q/50,秋季妈妈装格子短款外套中老年大码开衫中年女春秋呢子上衣夹克衫,69.9
8人想买,//t00img.yangkeduo.com/goods/images/2019-09-01/d4799e2a-ffa5-4ec1-ab49-a356ebb230f1.jpg?imageMogr2/strip%7CimageView2/2/w/372/q/50,妈妈装绣花上衣两件套2019新款中老年女装春秋大码长袖打底衫套装,49.9
2人想买,//t00img.yangkeduo.com/goods/images/2019-08-26/6d3fa783-db29-42f9-a291-826b9a7cf635.jpg?imageMogr2/strip%7CimageView2/2/w/372/q/50,中老年女秋装长袖衬衫大码打底衫40岁50妈妈装春秋时尚翻领衬衣薄,59.9
16人想买,//t00img.yangkeduo.com/goods/images/2020-01-10/ae523638b45cfb1c12fcd3c4da0dbd5a.jpeg?imageMogr2/strip%7CimageView2/2/w/372/q/50,中年妈妈春装薄外套2020新款纯色洋气上衣中老年春秋风衣女中长款,95
6人想买,//t00img.yangkeduo.com/goods/images/2020-02-04/a8b9f6579689e21e15b7cb89ac255c28.jpeg?imageMogr2/strip%7CimageView2/2/w/372/q/50,中年妈妈春装洋气小香风西装外套2020新款中老年女装春秋短款上衣,98
21人想买,//t00img.yangkeduo.com/goods/images/2020-01-14/4a1406be2ddbf5c4f5342dedc1d23ec9.jpeg?imageMogr2/strip%7CimageView2/2/w/372/q/50,妈妈春季金丝绒休闲套装大码中老年女春装2020新款运动装两件套,92
30人想买,//t00img.yangkeduo.com/goods/images/2020-01-15/07081b6c3011536ea63e90da48432164.jpeg?imageMogr2/strip%7CimageView2/2/w/372/q/50,中老年妈妈运动套装女2020新款春装金丝绒绣花外套中年休闲两件套,92
23人想买,//t00img.yangkeduo.com/goods/images/2020-01-15/694344a7331f7ebf1398b4947cb95825.jpeg?imageMogr2/strip%7CimageView2/2/w/372/q/50,中老年运动套装女大码时尚休闲两件套中年妈妈春装大码连帽外套,149
11人想买,//t00img.yangkeduo.com/goods/images/2020-01-07/2dee7a26a05f850b70fc2e2c5de0ba31.jpeg?imageMogr2/strip%7CimageView2/2/w/372/q/50,2020春季妈妈装连衣裙中长款阔太太40岁50中老年女大码长袖打底裙,69.9
5人想买,//t00img.yangkeduo.com/goods/images/2020-01-06/868b19d62bc80ed07e60d2890042518f.jpeg?imageMogr2/strip%7CimageView2/2/w/372/q/50,中老年女装春装上衣长袖外套薄款40-50岁妈妈装大码春秋夹克短款,59.9
1人想买,//t00img.yangkeduo.com/goods/images/2019-11-20/f29c5a43-90e0-4a1a-b0e5-4b578dfd9b9b.jpg?imageMogr2/strip%7CimageView2/2/w/372/q/50,妈妈灯芯绒棉衣中长款50岁60中老年人冬装女大码棉服加绒加厚棉袄,109
1人想买,//t00img.yangkeduo.com/goods/images/2019-10-31/f8e3ca17-9118-47e9-86c9-96037cd06ef8.jpg?imageMogr2/strip%7CimageView2/2/w/372/q/50,中老年女冬装棉衣中长款加厚保暖外套妈妈装大码棉袄连帽羽绒棉服,145
,,简奈妮春季大码女连衣裙长袖妈妈装中长款打底裙40岁50中年女上衣,49.9
,,妈妈夏装两件套中年妇女阔太太短袖T恤上衣大码套装中老年人女装,75
2人想买,,中年女夏装妈妈短袖雪纺连衣裙中长款40岁50中老年女装大码过膝裙,69.9
28人想买,,妈妈装夏装假两件连衣裙雪纺短袖40-50岁中老年女装大码中长裙子,78.9
1人想买,,2019秋季中老年女装长袖夹克衫40岁50大码妈妈装纯色薄款风衣外套,75
4人想买,,中年妈妈秋装气质两件套装40岁50中老年女大码蕾丝T恤衫阔腿裤子,85
8人想买,,中老年女装秋装外套薄款春秋上衣大码50-60岁妈妈装夹克短款风衣,79
已拼995件,//t00img.yangkeduo.com/goods/images/2019-11-15/0a87e117-c02d-439d-a723-74db7118c6ba.jpg?imageMogr2/strip%7CimageView2/2/w/372/q/50,2019新款冬季短款小棉袄女时尚大码中年妈妈棉衣轻薄羽绒棉服外套,98
已拼234件,//t00img.yangkeduo.com/goods/images/2020-04-01/cf8eff505f371e6ae2ff390eea41c956.jpeg?imageMogr2/strip%7CimageView2/2/w/372/q/50,中老年女夏装新款洋气短袖连衣裙中年妈妈装大码宽松过膝雪纺裙子,55.9
已拼471件,//t00img.yangkeduo.com/goods/images/2018-10-19/bcd3743260f67237266181eded0a8a8d.jpeg?imageMogr2/strip%7CimageView2/2/w/372/q/50,简奈妮春季中年女装丝绒运动套装40岁长袖薄款两件套大码妈妈装,59.9
已拼475件,//t00img.yangkeduo.com/goods/images/2019-10-24/bf5dbdc4-7429-4891-8864-e1a6f5c54638.jpg?imageMogr2/strip%7CimageView2/2/w/372/q/50,2019秋冬大码加绒风衣外套女中老年改良旗袍中长款连衣裙两件套装,98
已拼5593件,//t00img.yangkeduo.com/goods/images/2019-07-29/3dac124a-a3fc-4b64-8b56-0242d2a6e0de.jpg?imageMogr2/strip%7CimageView2/2/w/372/q/50,简奈妮秋季中年女装长袖衬衫妈妈装开衫40-50岁大码翻领印花外套,39.9
已拼66件,//t00img.yangkeduo.com/goods/images/2019-07-17/6db55b7c-e03b-4fa3-9adc-15cfdc74aca8.jpg?imageMogr2/strip%7CimageView2/2/w/372/q/50,妈妈春秋薄款风衣加肥加大码中老年女装阔太太大码长袖中长款外套,98
已拼5246件,//t00img.yangkeduo.com/goods/images/2018-10-02/58b12a1cbcd38fe0bbf09d2da3e44acc.jpeg?imageMogr2/strip%7CimageView2/2/w/372/q/50,【加绒加厚】简奈妮秋冬外套女妈妈装印花风衣中长款保暖长袖开衫,49.9
已拼52件,//t00img.yangkeduo.com/goods/images/2019-09-04/fcec6f65-2f6e-4533-b93a-5e4b30614b51.jpg?imageMogr2/strip%7CimageView2/2/w/372/q/50,妈妈秋装外套40岁50中老年女装春秋金丝绒套装中年阔太太三件套装,85
已拼346件,//t00img.yangkeduo.com/goods/images/2019-01-14/b21d031f-af75-4b75-a454-1b3ae811011d.jpg?imageMogr2/strip%7CimageView2/2/w/372/q/50,简奈妮春季中长款打底衫女大码蕾丝拼接上衣年轻妈妈装长袖T恤衫,52.9
已拼1326件,//t00img.yangkeduo.com/goods/images/2018-11-03/0b254abce0a1db9946f326d1d81dcb8d.jpeg?imageMogr2/strip%7CimageView2/2/w/372/q/50,【高品质】简奈妮中老年女装春装长袖衬衫妈妈装衬衣老年人女上衣,59.9
已拼891件,//t00img.yangkeduo.com/goods/images/2019-01-16/16e956de-91b2-4ff6-bfc6-f00f66dfd836.jpg?imageMogr2/strip%7CimageView2/2/w/372/q/50,简奈妮春季大码女装中长款连衣裙中国风改良旗袍裙气质长袖裙子,55.9
已拼1066件,//t00img.yangkeduo.com/goods/images/2019-12-03/d4bca713eeb004d761cde5ad7ab8d330.jpeg?imageMogr2/strip%7CimageView2/2/w/372/q/50,冬季妈妈装棉服加绒加厚外套长款金丝绒棉衣中老年女大码过膝棉袄,109
已拼24件,//t00img.yangkeduo.com/goods/images/2019-07-17/0aa0ab0a-9f60-4b50-aa1b-ed85f9036f1d.jpg?imageMogr2/strip%7CimageView2/2/w/372/q/50,2019新款妈妈中年女秋季大码上衣T恤中老年春秋装打底衫两件套装,48
已拼1793件,//t00img.yangkeduo.com/goods/images/2018-11-09/9a227cb18306b9321a9be8ed058c1e77.jpeg?imageMogr2/strip%7CimageView2/2/w/372/q/50,加绒加厚秋冬毛呢印花长袖连衣裙妈妈装过膝长裙大码显瘦打底裙,85
已拼6238件,//t00img.yangkeduo.com/goods/images/2019-10-26/f42b6cf8-34a8-4beb-b659-3bfc7bd7a0fc.jpg?imageMogr2/strip%7CimageView2/2/w/372/q/50,中老年棉衣女中长款中年妈妈秋冬装外套棉袄羽绒棉服2019新款女装,98
已拼34件,//t00img.yangkeduo.com/goods/images/2019-08-06/77900785-fa70-46c4-ab10-2f67675c9e85.jpg?imageMogr2/strip%7CimageView2/2/w/372/q/50,妈妈秋装套装40岁50中年人女装洋气两件套时尚中老年长袖运动套装,89
已拼18件,//t00img.yangkeduo.com/goods/images/2020-04-02/2d1d1b391a2a045b00dd7dbe8f4a6600.jpeg?imageMogr2/strip%7CimageView2/2/w/372/q/50,妈妈连衣裙雪纺网纱绣花连衣裙夏连衣裙中长款大码中老年女过膝裙,75
已拼257件,//t00img.yangkeduo.com/goods/images/2019-10-28/9600e170-788e-40f4-b915-650b546e5728.jpg?imageMogr2/strip%7CimageView2/2/w/372/q/50,2019秋冬装新款旗袍连衣裙中长款加绒风衣女妈妈装民族风两件套装,198
已拼7件,//t00img.yangkeduo.com/goods/images/images/2019-09-26/03dc0a58-3818-4dda-afb4-8513c4b441e2.jpg?imageMogr2/strip%7CimageView2/2/w/372/q/50,妈妈秋装过膝连衣裙气质40岁50中老年女装大码长袖假两件套裙子,69.9
已拼6件,//t00img.yangkeduo.com/goods/images/2020-04-02/72b569d9f445488e6f91667e4ee07fa8.jpeg?imageMogr2/strip%7CimageView2/2/w/372/q/50,单件/套装中老年女装中袖上衣妈妈装宽松加肥大码短袖T恤两件套装,29.93
已拼64件,//t00img.yangkeduo.com/goods/images/2019-09-04/851e38da-1bfa-4023-881e-d989526610be.jpg?imageMogr2/strip%7CimageView2/2/w/372/q/50,中年妈妈秋装外套短款仿水貂绒阔太太气质中老年女毛呢子大码上衣,89.9
已拼7件,//t00img.yangkeduo.com/goods/images/2020-04-02/1016c8044f4eaa3c166649b77550460e.jpeg?imageMogr2/strip%7CimageView2/2/w/372/q/50,2020新款妈妈夏季衬衫七分袖中老年女雪纺衫中年大码宽松T恤上衣,43.9
已拼6件,//t00img.yangkeduo.com/goods/images/2020-04-02/7640195c50f5325bc4be8bb63545de14.jpeg?imageMogr2/strip%7CimageView2/2/w/372/q/50,单件/套装妈妈夏洋气套装新款短袖t恤中老年女夏印花小衫两件套薄,27.93
已拼3555件,//t00img.yangkeduo.com/goods/images/2019-05-11/ac87f2b2-4438-48b0-9c5a-7b0f83d82801.jpg?imageMogr2/strip%7CimageView2/2/w/372/q/50,简奈妮仿棉麻夏装两件套女宽松复古民族风短袖套装大码V领刺绣T恤,79.9
已拼281件,//t00img.yangkeduo.com/goods/images/2018-11-03/22b6086ab523578d7587c52ac9b71289.jpeg?imageMogr2/strip%7CimageView2/2/w/372/q/50,简奈妮春季妈妈运动服套装长袖上衣40岁中老年女时尚大码两件套装,65
已拼22件,//t00img.yangkeduo.com/goods/images/2019-07-16/06942df8-8ee5-4c93-97c8-afda692e4d38.jpg?imageMogr2/strip%7CimageView2/2/w/372/q/50,妈妈夏装2019新款套装秋装大码40-50岁中老年女时尚阔腿裤两件套,95
已拼13件,//t00img.yangkeduo.com/goods/images/2019-01-10/02dada08-fdf4-45b7-8722-67da8ab7e592.jpg?imageMogr2/strip%7CimageView2/2/w/372/q/50,简奈妮中年妈妈春装连衣裙中长款蕾丝假两件大码40-50岁打底裙子,89
已拼6件,//t00img.yangkeduo.com/goods/images/2020-01-10/a0adafbce7033b060d8449aa2df265cb.jpeg?imageMogr2/strip%7CimageView2/2/w/372/q/50,中老年女装金丝绒运动套装春季2020新款妈妈装阔腿裤休闲两件套装,92
已拼7件,//t00img.yangkeduo.com/goods/images/2020-03-31/4b9f5429fbbc1883f5d4fb7a5891c8d4.jpeg?imageMogr2/strip%7CimageView2/2/w/372/q/50,民族风套装复古连衣裙宽松棉麻半身裙刺绣上衣T恤两件套大码女夏,49.9
已拼5件,//t00img.yangkeduo.com/goods/images/2020-04-05/769b45dd188c839397111a74374aa9e2.jpeg?imageMogr2/strip%7CimageView2/2/w/372/q/50,妈妈夏装民族风套装复古宽松大码绣花中袖T恤七分裤中年女两件套,55.9
已拼239件,//t00img.yangkeduo.com/goods/images/2019-08-11/e230b372-56ad-40e1-9528-576485588e70.jpg?imageMogr2/strip%7CimageView2/2/w/372/q/50,妈妈装秋装纯色外套中年女装阔太太气质中老年中长款薄款大码风衣,85
已拼71件,//t00img.yangkeduo.com/goods/images/2019-01-24/4f24b2f0-3c4a-4ed6-a51b-d6d0a094d462.jpg?imageMogr2/strip%7CimageView2/2/w/372/q/50,简奈妮春季改良旗袍连衣裙女大码复古显瘦旗袍裙中长款包臀打底裙,69
已拼5件,//t00img.yangkeduo.com/goods/images/2020-04-03/e15f5420a2e8c0bb290253351a92afb8.jpeg?imageMogr2/strip%7CimageView2/2/w/372/q/50,妈妈夏装时尚宽松连衣裙中老年女装40岁50中袖过膝裙中长款大码裙,49.9
已拼2827件,//t00img.yangkeduo.com/goods/images/2019-01-11/53858d898efb4987d3789b030a5c4434.jpeg?imageMogr2/strip%7CimageView2/2/w/372/q/50,简奈妮春季韩版金丝绒马甲中长款女大码立领坎肩羽绒棉衣无袖外套,69
已拼678件,//t00img.yangkeduo.com/goods/images/images/2019-09-28/d8638036-1252-4cfc-8932-7a8aad941029.jpg?imageMogr2/strip%7CimageView2/2/w/372/q/50,中老年女装仿水貂绒外套加肥加大码妈妈装秋冬加厚中长款保暖大衣,198
已拼365件,//t00img.yangkeduo.com/goods/images/2019-08-08/9d617b5a-3046-4d60-9794-faff1e48e2d0.jpg?imageMogr2/strip%7CimageView2/2/w/372/q/50,中年女装秋装加绒外套中长款格子衬衫40岁50大码女装春秋长袖衬衣,59.9
已拼106件,//t00img.yangkeduo.com/goods/images/2019-02-26/191f0ca0-2654-4d5e-aa22-7fb95da866b5.jpg?imageMogr2/strip%7CimageView2/2/w/372/q/50,简奈妮春季中老年连衣裙女大码裙子40岁50妈妈装长袖打底衫中长款,69.9
已拼49件,//t00img.yangkeduo.com/goods/images/2019-10-04/3a8bb808-6e99-4472-8a76-d9d5cde2c6ce.jpg?imageMogr2/strip%7CimageView2/2/w/372/q/50,妈妈装秋季仿水貂绒外套2019新款中老年女装秋冬毛呢大衣保暖开衫,129
已拼18件,//t00img.yangkeduo.com/goods/images/2019-08-09/c89eff71-705a-40b9-87ff-e70497ceea36.jpg?imageMogr2/strip%7CimageView2/2/w/372/q/50,妈妈装秋装中长款风衣女中年妇女春秋夹克中老年加肥大码外套上衣,105
已拼9件,//t00img.yangkeduo.com/goods/images/2019-11-06/b4291619-2183-43e5-9c89-34e7c20deec5.jpg?imageMogr2/strip%7CimageView2/2/w/372/q/50,冬季妈妈装仿水貂绒外套中老年女装秋冬加厚毛呢羊剪绒大衣中长款,239
已拼6件,//t00img.yangkeduo.com/goods/images/2020-01-10/e660a5d188827677afd5b2a9b0c88953.jpeg?imageMogr2/strip%7CimageView2/2/w/372/q/50,2020新款妈妈春装外套中长款气质上衣40岁50中老年女大码薄款风衣,139
已拼7件,//t00img.yangkeduo.com/goods/images/2020-04-01/cd3028d760a5c8c8e33af25d9392e7b1.jpeg?imageMogr2/strip%7CimageView2/2/w/372/q/50,2020新款中老年女装夏季短袖连衣裙大码妈妈装中长款薄款A字裙,47.92
已拼5件,//t00img.yangkeduo.com/goods/images/2020-04-03/c567dd65102efcea12a7f55bb21ca58a.jpeg?imageMogr2/strip%7CimageView2/2/w/372/q/50,妈妈夏装洋气短袖套装新款40岁50中老年女装雪纺两件套女大码裤裙,68.9
已拼70件,//t00img.yangkeduo.com/goods/images/2018-11-03/f2ea4db85687eea93a96835e6515e983.jpeg?imageMogr2/strip%7CimageView2/2/w/372/q/50,简奈妮春季妈妈装长袖运动套装40岁50中老年女装休闲大码两件套装,49.9
已拼54件,//t00img.yangkeduo.com/goods/images/2019-10-30/d1d8c2f5-cdd8-42d9-bde0-3a2f88eda528.jpg?imageMogr2/strip%7CimageView2/2/w/372/q/50,妈妈冬装中长款棉衣加厚保暖外套40岁50中老年女大码绣花羽绒棉服,109
已拼4件,//t00img.yangkeduo.com/goods/images/2019-07-16/40bfd47a-7a41-4c09-be8e-c0de48f0eafb.jpg?imageMogr2/strip%7CimageView2/2/w/372/q/50,妈妈装2019新款夏装长袖休闲套装40-50岁中年女士大码T恤两件套装,98
已拼6件,//t00img.yangkeduo.com/goods/images/2020-03-31/80628c7f40d11f604c302721bb068879.jpeg?imageMogr2/strip%7CimageView2/2/w/372/q/50,春季妈妈装上衣2020新款休闲运动套装中老年女春装两件套大码外套,75.9
4人想买,//t00img.yangkeduo.com/goods/images/2019-12-27/6eb688c3e4723921eca779b0a7162dad.jpeg?imageMogr2/strip%7CimageView2/2/w/372/q/50,妈妈装长袖衬衫40岁50中老年女春季大码上衣纯棉格子衬衣翻领外套,59.9
23人想买,//t00img.yangkeduo.com/goods/images/2020-04-05/6248daf5ed36955bb53159346137e130.jpeg?imageMogr2/strip%7CimageView2/2/w/372/q/50,2020新款妈妈装夏装雪纺衫中老年女大码中袖T恤上衣打底衫两件套,55.25
已拼1件,//t00img.yangkeduo.com/goods/images/2020-01-14/a74c334324064d32da0f4a1fb690371b.jpeg?imageMogr2/strip%7CimageView2/2/w/372/q/50,妈妈装春季金丝绒印花连帽卫衣中年女装薄款运动服中老年休闲套装,92
已拼1件,//t00img.yangkeduo.com/goods/images/2020-04-03/56a4811de7a286d7a9149883d52c9a90.jpeg?imageMogr2/strip%7CimageView2/2/w/372/q/50,中年妈妈夏装2020新款休闲运动套装女中老年人女装两件套短袖t恤,59
已拼2927件,//t00img.yangkeduo.com/goods/images/2019-10-22/dbcf0d21-161a-45aa-afd3-5db33d88ddf0.jpg?imageMogr2/strip%7CimageView2/2/w/372/q/50,简奈妮金丝绒棉衣女中长款潮冬季中年女加厚连帽大码羽绒棉袄外套,109
已拼963件,//t00img.yangkeduo.com/goods/images/2018-08-14/cf3d9383940f5213f2a40469476b2927.jpeg?imageMogr2/strip%7CimageView2/2/w/372/q/50,简奈妮中年女春季金丝绒运动套装长袖40-50岁妈妈装大码两件套装,49.9
已拼482件,//t00img.yangkeduo.com/goods/images/2018-08-27/fafe30bfeb0cd6dd47a5e20473b7280d.jpeg?imageMogr2/strip%7CimageView2/2/w/372/q/50,简奈妮中老年女装丝绒运动套装秋冬加绒长袖40岁50妈妈装大码套装,49.9
已拼362件,//t00img.yangkeduo.com/goods/images/2019-06-17/87c556e1-2b17-4d71-a3e9-a52ae74ac19f.jpg?imageMogr2/strip%7CimageView2/2/w/372/q/50,夏季妈妈装气质连衣裙大码短袖收腰系带A字裙40岁50中年女过膝裙,59.9
已拼231件,//t00img.yangkeduo.com/goods/images/2019-04-03/98d9e2a1-adce-4af8-9f30-e3e7efe7090e.jpg?imageMogr2/strip%7CimageView2/2/w/372/q/50,简奈妮妈妈装连衣裙夏季40岁50中老年女短袖过膝裙大码弹力碎花裙,29.9
已拼196件,//t00img.yangkeduo.com/goods/images/2019-03-14/5aaf8c89-c2f4-47ed-ade6-136868e17849.jpg?imageMogr2/strip%7CimageView2/2/w/372/q/50,简奈妮中老年女夏装连衣裙40岁50中年妈妈装年轻加肥大码雪纺裙子,79.9
已拼171件,//t00img.yangkeduo.com/goods/images/2019-07-25/29797b74-ece7-4990-a15c-9dc560bd723b.jpg?imageMogr2/strip%7CimageView2/2/w/372/q/50,中老年女装秋冬加厚保暖外套女40岁50妈妈冬装羽绒棉衣中长款棉袄,108
已拼166件,//t00img.yangkeduo.com/goods/images/2019-05-12/c217807e-6f45-4e3d-ab7f-97c85e66fe83.jpg?imageMogr2/strip%7CimageView2/2/w/372/q/50,单/两件妈妈夏装2019新款T恤中老年女装气质两件套阔太太洋气套装,39.9
已拼146件,//t00img.yangkeduo.com/goods/images/2019-06-06/ddf9e513-bf37-4419-9e4a-62ab2f2e095b.jpg?imageMogr2/strip%7CimageView2/2/w/372/q/50,中老年女装夏装大码连衣裙夏胖妈妈装绵绸短袖中长款宽松遮肚裙子,48
已拼109件,//t00img.yangkeduo.com/goods/images/2019-02-20/77e44a45-942d-4722-9ba4-2a5a3f9315cc.jpg?imageMogr2/strip%7CimageView2/2/w/372/q/50,简奈妮春季大码女长袖打底衫中年女装40-50岁妈妈装时尚宽松上衣,55
已拼90件,//t00img.yangkeduo.com/goods/images/2019-04-02/d0eae5c4-a142-41e5-bd70-55c2e3f9cf26.jpg?imageMogr2/strip%7CimageView2/2/w/372/q/50,简奈妮妈妈装连衣裙夏季中长款短袖雪纺网纱40-50岁中老年过膝裙,59.9
已拼86件,//t00img.yangkeduo.com/goods/images/2019-08-26/d7505008-0c23-473c-83ea-6ee607aa3de6.jpg?imageMogr2/strip%7CimageView2/2/w/372/q/50,妈妈秋装连帽外套2019新款中老年女装大码夹克衫春秋长袖薄款风衣,89
已拼67件,//t00img.yangkeduo.com/goods/images/2019-10-26/366f40a3-3f8e-42a5-bd99-9ac6286b6267.jpg?imageMogr2/strip%7CimageView2/2/w/372/q/50,妈妈冬装棉衣外套中长款洋气派克服中老年女大码加绒加厚保暖棉袄,149
已拼62件,//t00img.yangkeduo.com/goods/images/2019-10-17/5cf5c29b-3012-4d21-a5ae-9a709267112f.jpg?imageMogr2/strip%7CimageView2/2/w/372/q/50,妈妈装面包服大码冬装中长款过膝连帽棉服40岁50中年绣花羽绒棉袄,139
已拼43件,//t00img.yangkeduo.com/goods/images/2019-10-04/4b67a315-04e7-4c36-b19b-b881e9a34c44.jpg?imageMogr2/strip%7CimageView2/2/w/372/q/50,妈妈装秋冬毛呢外套女大码上衣中老年女装仿水貂绒中长款呢子大衣,159
已拼29件,//t00img.yangkeduo.com/goods/images/2019-03-24/70018451-080a-4c57-8467-0120d0be3319.png?imageMogr2/strip%7CimageView2/2/w/372/q/50,简奈妮妈妈春夏装两件套阔太太套装洋气小衫中老年女中袖雪纺上衣,59.9
已拼25件,//t00img.yangkeduo.com/goods/images/2019-11-18/fbd340eb-f7b1-4335-a185-694990ae84c0.jpg?imageMogr2/strip%7CimageView2/2/w/372/q/50,妈妈冬装2019新款中老年羽绒棉服女秋冬装外套中长款棉衣加厚棉袄,98
已拼25件,//t00img.yangkeduo.com/goods/images/2019-06-01/23c4373cc37b3a6f26f61408792ee3a4.jpeg?imageMogr2/strip%7CimageView2/2/w/372/q/50,简奈妮中年女装夏季棉麻中袖T恤民族风套装大码妈妈装绣花两件套,79.9
已拼21件,//t00img.yangkeduo.com/goods/images/2018-11-03/e4271844104207ba132609ef7a427110.jpeg?imageMogr2/strip%7CimageView2/2/w/372/q/50,简奈妮妈妈装秋季套装40岁外套中年女大码长袖运动金丝绒两件套,69.9
已拼17件,//t00img.yangkeduo.com/goods/images/2019-03-20/d33688ac-21a4-41fe-a5d0-aa4b94c2ee9d.jpg?imageMogr2/strip%7CimageView2/2/w/372/q/50,简奈妮妈妈装短袖连衣裙中长款2019年夏季中年女装雪纺碎花雪纺裙,55
已拼15件,//t00img.yangkeduo.com/goods/images/2019-08-21/5d7ed592-2fad-41ff-aa67-a9b63b26b897.jpg?imageMogr2/strip%7CimageView2/2/w/372/q/50,妈妈秋装两件套中年女长袖上衣2019新款中老年人40-50岁大码套装,49.9
已拼13件,//t00img.yangkeduo.com/goods/images/2019-08-13/fd2cd47a-4ad4-48de-8147-61723b9a8f68.jpg?imageMogr2/strip%7CimageView2/2/w/372/q/50,妈妈秋冬金丝绒马甲宽松加厚中长款坎肩中老年女装羽绒棉背心外套,109
已拼14件,//t00img.yangkeduo.com/goods/images/2019-05-20/b67327e6a2a77287f0d0ccce0c2cbf48.jpeg?imageMogr2/strip%7CimageView2/2/w/372/q/50,妈妈夏装2019新款中袖雪纺套装时尚中老年女装夏季两件套装薄大码,49.9
已拼12件,//t00img.yangkeduo.com/goods/images/2019-10-04/e3ae676e-7d69-42cd-8445-e8a3e79692f3.jpg?imageMogr2/strip%7CimageView2/2/w/372/q/50,中老年女装秋季蕾丝绣花长款风衣大码妈妈装阔太太复古民族风外套,112
已拼13件,//t00img.yangkeduo.com/goods/images/2019-07-06/851a8514-e447-484f-9483-0d52aeb30ae5.jpg?imageMogr2/strip%7CimageView2/2/w/372/q/50,中年女格子大衣中长款秋季韩版呢子外套女妈妈大码女秋装毛呢外套,115
已拼15件,//t00img.yangkeduo.com/goods/images/2019-08-13/f11c791a-167b-4c97-9ba7-d487c4a05578.jpg?imageMogr2/strip%7CimageView2/2/w/372/q/50,妈妈秋装长袖棉T恤40-50岁中老年女装春秋衬衫大码打底衫纯色上衣,49
已拼11件,//t00img.yangkeduo.com/goods/images/2019-08-08/d097e894-6353-45fc-853a-19c056f600ce.jpg?imageMogr2/strip%7CimageView2/2/w/372/q/50,妈妈秋装女薄外套2019新款春秋大码长袖上衣短款休闲中年女夹克衫,65
已拼12件,//t00img.yangkeduo.com/goods/images/2019-04-24/827781f9-8d33-4b47-b6c2-6433007bc1ce.jpg?imageMogr2/strip%7CimageView2/2/w/372/q/50,简奈妮妈妈夏装雪纺T恤两件套40-50岁中老年女大码上衣阔太太套装,39.9
已拼11件,//t00img.yangkeduo.com/goods/images/2019-07-25/21de0193-c5af-4411-a763-abe8b9db2c31.jpg?imageMogr2/strip%7CimageView2/2/w/372/q/50,妈妈秋装绣花外套中长款中老年女装2019新款上衣中年春秋连帽风衣,95
已拼10件,//t00img.yangkeduo.com/goods/images/2019-06-25/05dc06e9-173c-42d8-9231-694b69628e15.jpg?imageMogr2/strip%7CimageView2/2/w/372/q/50,夏季时尚妈妈装条纹短袖连衣裙中长款半身裙子两件套大码女套装夏,89.9
已拼10件,//t00img.yangkeduo.com/goods/images/2019-07-22/fa37741a-2e96-46b0-ba91-00ce5def3905.jpg?imageMogr2/strip%7CimageView2/2/w/372/q/50,秋季妈妈装外套薄款40岁50中老年女装大码秋装棒球服长袖印花夹克,69.9
已拼9件,//t00img.yangkeduo.com/goods/images/2019-11-24/16f42765-1b43-484a-8f2d-b1dcb3f04ccd.jpg?imageMogr2/strip%7CimageView2/2/w/372/q/50,2019新款中老年女装冬装小棉袄50-60岁中年妈妈棉衣外套短款棉服,98
已拼8件,//t00img.yangkeduo.com/goods/images/2019-08-06/79c60e5d-5441-4ab9-a093-291a68a62dd6.jpg?imageMogr2/strip%7CimageView2/2/w/372/q/50,秋季妈妈装长袖连衣裙中长款40岁50中老年女大码阔太太过膝打底裙,59.9
已拼7件,//t00img.yangkeduo.com/goods/images/2019-08-06/ba697bcc-9484-412c-8607-59f5f2657b9b.jpg?imageMogr2/strip%7CimageView2/2/w/372/q/50,中年妈妈秋装连衣裙中长款40岁50中老年女装大码阔太太长袖打底裙,75
已拼6件,//t00img.yangkeduo.com/goods/images/2019-08-11/a022e5e1-d683-4cc7-afc4-a6656bf247ad.jpg?imageMogr2/strip%7CimageView2/2/w/372/q/50,中年妈妈秋装运动套装2019新款中老年50岁连帽卫衣长袖T恤两件套,79
已拼6件,//t00img.yangkeduo.com/goods/images/2019-04-19/1cdb5dea-51fe-4d6e-b623-2ecd8063034d.jpg?imageMogr2/strip%7CimageView2/2/w/372/q/50,简奈妮妈妈夏装雪纺连衣裙中长款40岁50中老年女短袖大码过膝裙子,65
已拼6件,//t00img.yangkeduo.com/goods/images/2019-08-11/99e0c020-647a-4f87-b03e-552b174c6414.jpg?imageMogr2/strip%7CimageView2/2/w/372/q/50,妈妈装秋装外套长袖上衣40-50岁时尚短风衣中老年女装大码夹克衫,65
已拼3件,//t00img.yangkeduo.com/goods/images/2019-10-26/79860b5f-9e1d-4328-8a80-4e1017806415.jpg?imageMogr2/strip%7CimageView2/2/w/372/q/50,中老年妈妈金丝绒绣花棉衣女大码加绒加厚棉袄中长款棉服冬装外套,108
已拼2件,//t00img.yangkeduo.com/goods/images/2019-10-30/0aaa5334-9bf2-47f5-9b91-105f521fb14d.jpg?imageMogr2/strip%7CimageView2/2/w/372/q/50,妈妈秋冬短款棉衣中年女羽绒棉服加绒保暖小棉袄中老年人女装外套,68.9
已拼4件,//t00img.yangkeduo.com/goods/images/images/2019-09-15/9ad1f909-7a9c-4876-9e67-1c02c4c6136f.jpg?imageMogr2/strip%7CimageView2/2/w/372/q/50,中老年女装秋季宽松衬衫中长款妈妈装打底衫老年人大码女长袖衬衣,58
已拼4件,//t00img.yangkeduo.com/goods/images/2019-08-22/646a033b-7772-416f-bec5-0ce293107915.jpg?imageMogr2/strip%7CimageView2/2/w/372/q/50,妈妈秋装时尚绣花长袖卫衣两件套中老年女装休闲大码长裤运动套装,85
已拼3件,//t00img.yangkeduo.com/goods/images/2019-04-20/5f6d3bc2-9ea2-4c9d-9976-6c184e62269d.jpg?imageMogr2/strip%7CimageView2/2/w/372/q/50,简奈妮妈妈夏装雪纺短袖套装假两件上衣中老年女雪纺衫T恤两件套,49.9
13人想买,//t00img.yangkeduo.com/goods/images/2020-02-03/3b4743a6cae1dd302afabaf12f452a33.jpeg?imageMogr2/strip%7CimageView2/2/w/372/q/50,中老年女装春秋装短款2020新款毛呢子外套洋气妈妈春装小香风上衣,98
已拼3件,//t00img.yangkeduo.com/goods/images/2019-12-22/b422d02536192d3cfeb86942acf5a3bc.jpeg?imageMogr2/strip%7CimageView2/2/w/372/q/50,2019新款妈妈冬装短款棉衣外套女中老年人棉服中长款加厚羽绒棉袄,119
已拼3件,//t00img.yangkeduo.com/goods/images/2019-12-02/b74ea394a3380135982c2b2a1fba19ef.jpeg?imageMogr2/strip%7CimageView2/2/w/372/q/50,中年女羽绒棉服中长款妈妈冬装大码棉袄加厚格子毛呢拼接棉衣外套,149
已拼2件,//t00img.yangkeduo.com/goods/images/2019-09-15/f8a03eea-b35d-4465-a298-e3a99209f84b.jpg?imageMogr2/strip%7CimageView2/2/w/372/q/50,中老年女冬装棉衣中长款民族风绣花加绒棉袄大码过膝妈妈棉服外套,129
已拼2件,//t00img.yangkeduo.com/goods/images/2019-09-09/22c24245-08fd-4d11-a56f-86c754377e78.jpg?imageMogr2/strip%7CimageView2/2/w/372/q/50,妈妈冬装棉衣外套2019秋冬中长款中老年轻薄羽绒棉服女大码小棉袄,109
已拼2件,//t00img.yangkeduo.com/goods/images/2019-08-06/d07a5e69-516b-4b08-800e-be8c6e9c8851.jpg?imageMogr2/strip%7CimageView2/2/w/372/q/50,妈妈秋装两件套T恤中年女上衣2019新款中老年套装春秋针织打底衫,59.9
已拼2件,//t00img.yangkeduo.com/goods/images/2019-07-31/2439e7a0-43e7-4908-b06c-2cb432838843.jpg?imageMogr2/strip%7CimageView2/2/w/372/q/50,中老年女装长袖t恤秋装薄款小衫妈妈春秋大码短款打底衫大码上衣,45
已拼1件,//t00img.yangkeduo.com/goods/images/images/2019-09-20/60973352-8cc5-4a2a-b0b4-89abb946969a.jpg?imageMogr2/strip%7CimageView2/2/w/372/q/50,中老年女秋装短款夹克外衣中年休闲棒球服妈妈秋冬洋气风衣外套,59.9
已拼2件,//t00img.yangkeduo.com/goods/images/images/2019-09-26/89efa758-106e-4da6-8b50-63c5cb5b4898.jpg?imageMogr2/strip%7CimageView2/2/w/372/q/50,妈妈装金丝绒连衣裙大码女秋季中老年女装中长款长袖过膝裙A字裙,89.9
已拼2件,//t00img.yangkeduo.com/goods/images/2019-11-06/843ffbbd-8a41-4780-b195-168d7d1fb16e.jpg?imageMogr2/strip%7CimageView2/2/w/372/q/50,2019新款妈妈冬装羽绒棉服中年女大码棉袄秋冬中长款加厚棉衣外套,149
已拼2件,//t00img.yangkeduo.com/goods/images/2019-07-31/6bdd1aa6-880a-4bcd-bc26-d01574d98f25.jpg?imageMogr2/strip%7CimageView2/2/w/372/q/50,中老年女装马甲外套春秋薄款中年妈妈装坎肩背心短款奶奶装马夹薄,55
已拼1件,//t00img.yangkeduo.com/goods/images/2019-07-16/a2998ee4-4099-48be-a343-2a2ca86900e4.jpg?imageMogr2/strip%7CimageView2/2/w/372/q/50,妈妈秋装套装2019新款中年女装气质小衫上衣大码阔太太洋气两件套,37.7
已拼1件,//t00img.yangkeduo.com/goods/images/2019-09-09/7b8b565b-f42f-4766-ae8c-671b9296be96.jpg?imageMogr2/strip%7CimageView2/2/w/372/q/50,妈妈冬装加厚外套中老年棉衣女大码连帽羽绒棉服中年40岁50棉袄子,105
已拼1件,//t00img.yangkeduo.com/goods/images/2019-08-22/71baeb36-ab3d-4cfb-8a8f-a2ed1cb0a6b0.jpg?imageMogr2/strip%7CimageView2/2/w/372/q/50,妈妈装秋装长袖T恤上衣印花40岁50中老年人女装春秋大码打底小衫,32.9
已拼1件,//t00img.yangkeduo.com/goods/images/2019-08-06/184f923a-3f55-4470-af1b-6104e8fca763.png?imageMogr2/strip%7CimageView2/2/w/372/q/50,中老年女秋装两件套打底衫上衣2019新款中年妈妈装长袖套装针织衫,69.9
已拼1件,//t00img.yangkeduo.com/goods/images/2019-07-31/44130755-4789-4852-8a33-98e573b08f19.jpg?imageMogr2/strip%7CimageView2/2/w/372/q/50,妈妈装中袖T恤女宽松大码中老年人春秋薄款打底衫老人七分袖上衣,45
已拼1件,//t00img.yangkeduo.com/goods/images/2019-07-22/a5dfc596-3127-4d26-876e-a2ac913e1494.jpg?imageMogr2/strip%7CimageView2/2/w/372/q/50,2019新款妈妈秋装40岁50中年妇女春秋外套中老年人两面穿连帽夹克,69.9
27人想买,//t00img.yangkeduo.com/goods/images/2020-01-10/09848d0223f7497c096d3ff815629cbb.jpeg?imageMogr2/strip%7CimageView2/2/w/372/q/50,2020新款妈妈春季休闲套装40岁50中老年女大码春装运动装两件套,169
10人想买,//t00img.yangkeduo.com/goods/images/2020-02-03/0d1d47f30008fd46a336599e0cafcebb.jpeg?imageMogr2/strip%7CimageView2/2/w/372/q/50,中老年女呢子外套妈妈2020春季中年加大码小西装外套40-50岁短款,129
已拼1件,//t00img.yangkeduo.com/goods/images/2019-10-26/c29783f3-87ea-4f49-be19-75fa5c37ede6.jpg?imageMogr2/strip%7CimageView2/2/w/372/q/50,妈妈冬装短款棉衣女2019新款中老年大码女装外套羽绒棉服连帽棉袄,89
已拼1件,//t00img.yangkeduo.com/goods/images/2020-01-07/e5f999618ea73ce1b40853e10a1e58f0.jpeg?imageMogr2/strip%7CimageView2/2/w/372/q/50,中年妈妈装冬季大码羽绒棉服女中长款加厚棉衣连帽派克服保暖外套,145
已拼1件,//t00img.yangkeduo.com/goods/images/2019-11-18/4810cf3d-7ebf-4629-91fa-c772b2212559.jpg?imageMogr2/strip%7CimageView2/2/w/372/q/50,妈妈冬装过膝棉衣外套中老年秋冬大码羽绒棉袄中年女装中长款棉服,135
已拼1件,//t00img.yangkeduo.com/goods/images/2019-10-26/cf23fa11-c2c1-4a70-be86-b1dbb83902f1.jpg?imageMogr2/strip%7CimageView2/2/w/372/q/50,2019新款中年女装妈妈40岁50棉衣大码中老年女冬装棉服外套中长款,158
,//t00img.yangkeduo.com/goods/images/2019-08-25/f32c3dc6-0209-43e0-a1b6-a7b382dadf2f.jpg?imageMogr2/strip%7CimageView2/2/w/372/q/50,妈妈秋装衬衣2019新款中年女中长款风衣40中老年人女士薄衬衫外套,65
1人想买,//t00img.yangkeduo.com/goods/images/images/2019-09-26/e9713414-062c-4311-bb70-3433bdaeec23.jpg?imageMogr2/strip%7CimageView2/2/w/372/q/50,中老年女秋装连衣裙中长款40-50春秋中年妈妈大码长袖显瘦打底裙,65
,//t00img.yangkeduo.com/goods/images/images/2019-09-26/f8b21eb8-5314-4f00-acc6-73a02876cc3b.jpg?imageMogr2/strip%7CimageView2/2/w/372/q/50,中老年女装秋装连衣裙长袖打底裙中年女中长款打底衫大码妈妈装,49
2人想买,//t00img.yangkeduo.com/goods/images/images/2019-09-22/f68479a2-f28a-46b3-bbb7-40ac2936eb5b.jpg?imageMogr2/strip%7CimageView2/2/w/372/q/50,妈妈装秋装长袖T恤打底衫洋气小衫40-50中老年女春秋大码雪纺上衣,55
1人想买,//t00img.yangkeduo.com/goods/images/images/2019-09-20/b9d73f3e-8173-45f8-97d9-e2f31e6e4af4.jpg?imageMogr2/strip%7CimageView2/2/w/372/q/50,2019新款妈妈春秋装长袖旗袍连衣裙40-50中老年女大码金丝绒A字裙,59.9
,//t00img.yangkeduo.com/goods/images/images/2019-09-04/9b4f3a8e-2239-4cdf-96db-136defa7bfcc.jpg?imageMogr2/strip%7CimageView2/2/w/372/q/50,中老年女装棉衣两件套奶奶加绒套装老年人冬季保暖衣棉袄高腰棉裤,79
,//t00img.yangkeduo.com/goods/images/2019-08-26/c9205054-9338-49af-8a15-269fc3ab0a8f.jpg?imageMogr2/strip%7CimageView2/2/w/372/q/50,妈妈秋装洋气上衣中年女装短款格子外衣40岁50中老年春秋时尚外套,79
1人想买,//t00img.yangkeduo.com/goods/images/2019-08-25/d3776f51a72005612b668debf6d992a7.jpeg?imageMogr2/strip%7CimageView2/2/w/372/q/50,中老年女妈妈秋装薄款外套2019春秋新款洋气连帽大码短款夹克上衣,69.9
,//t10img.yangkeduo.com/images/2018-04-12/4bdf1282d21b268fd98b7c7ecd3e23e3.jpeg?imageMogr2/strip%7CimageView2/2/w/372/q/50,简奈妮中老年妈妈装夏装时尚大码中袖半袖荷叶袖碎花雪纺打底衫,35.9
7人想买,//t00img.yangkeduo.com/goods/images/2020-02-05/ac2f98fe43781f63d59fb8891bbc94d6.jpeg?imageMogr2/strip%7CimageView2/2/w/372/q/50,妈妈春装外套2020新款中老年女装40岁50春秋中长款风衣格子小西装,98
7人想买,//t00img.yangkeduo.com/goods/images/2020-01-15/d3ff6ad9a79cca3e82bba9ed0786e787.jpeg?imageMogr2/strip%7CimageView2/2/w/372/q/50,妈妈金丝绒运动套装2020新款中老年女春装薄款外套大码休闲两件套,92
5人想买,//t00img.yangkeduo.com/goods/images/2020-01-15/db4eeec5939ef8c164d9236f32f5ef8c.jpeg?imageMogr2/strip%7CimageView2/2/w/372/q/50,2020新款妈妈春装外套女时尚格子夹克50岁中老年秋冬拼色连帽上衣,105
,//t00img.yangkeduo.com/goods/images/2019-10-26/d1fc7bb6-6f03-42ba-ba1b-0ce737c3d6fc.jpg?imageMogr2/strip%7CimageView2/2/w/372/q/50,2019新款中年妈妈秋冬装外套中老年女装棉衣女中长款加厚羽绒棉服,158
4人想买,//t00img.yangkeduo.com/goods/images/2020-01-06/1d041fa155004c330d941e4366f563a6.jpeg?imageMogr2/strip%7CimageView2/2/w/372/q/50,妈妈春装格子衬衫长袖上衣中长款外套中老年女大码打底衫薄款衬衣,65
70人想买,//t00img.yangkeduo.com/goods/images/2020-01-06/c5bf9c2e6ad76319b9cb605bfd3284ce.jpeg?imageMogr2/strip%7CimageView2/2/w/372/q/50,妈妈春装加绒长袖连衣裙中长款2020新款中老年人女装春秋大码裙子,78
6人想买,//t00img.yangkeduo.com/goods/images/2019-11-01/5a1d26c1-1a90-4408-89fc-c46d4aadddad.jpg?imageMogr2/strip%7CimageView2/2/w/372/q/50,中老年女装毛呢外套40-50岁妈妈装秋冬大码羊剪绒中长款加绒风衣,125
,//t00img.yangkeduo.com/goods/images/2019-07-22/04e2f8d8-0222-4779-b95c-4cb99f86c89f.jpg?imageMogr2/strip%7CimageView2/2/w/372/q/50,【双面穿】中老年女装秋季长袖夹克衫外套大码妈妈装印花连帽开衫,69.9
1人想买,,2019新款妈妈夏装阔太太雪纺连衣裙中老年女装大码中长款过膝裙子,59.9
2人想买,,中老年女装夏季短袖套装50岁妈妈装大码棉麻T恤阔腿裤时尚两件套,78
1人想买,,妈妈仿棉绸连衣裙夏40岁50中老年女装大码中长款碎花裙过膝A字裙,48.9
8人想买,,妈妈装夏装连衣裙40-50岁中老年女装夏季短袖中长款纯色打底A字裙,32.9
5人想买,,2019新款妈妈秋装连衣裙中长款40-50岁中老年女装长袖过膝A字裙,115
1人想买,,秋季妈妈装连帽外套时尚印花40岁50大码中年女夹克衫短款风衣开衫,105
